Year,Lee D,Andrew D,Brad R,Mike M,Sam R,Garrett T,Peter R,Bryan C,Mike C,Christopher M
2009,0.595170454545,0.548295454545,0.538352272727,0.5625,0.494318181818,0.431818181818,0.515625,0.428977272727,0.492897727273,0.392045454545
2010,0.563988095238,0.525297619048,0.379464285714,0.52380952381,0.52380952381,0.671130952381,0.5,0.35119047619,0.53125,0.43005952381
2011,0.616666666667,0.40625,0.541666666667,0.5,0.364583333333,0.514583333333,0.575,0.53125,0.520833333333,0.429166666667
2012,0.575,0.622916666667,0.429166666667,0.660416666667,0.354166666667,0.333333333333,0.495833333333,0.466666666667,0.564583333333,0.497916666667
2013,0.551587301587,0.646825396825,0.507936507937,0.521825396825,0.424603174603,0.553571428571,0.426587301587,0.438492063492,0.559523809524,0.369047619048
